{
  "means": {
    "open": 1360.2097350854456,
    "high": 1360.6929100981326,
    "low": 1359.7203784095436,
    "close": 1360.2103909827722,
    "volume": 0.0,
    "candle_body": 0.5056171472407984,
    "candle_range": 0.9725316885889156,
    "body_pct": 0.48534011662110677,
    "upper_wick": 0.2300384904024146,
    "lower_wick": 0.23687605094570235,
    "is_bullish": 0.49307430058059615,
    "ema_9_ratio": 0.0003429326988066088,
    "ema_21_ratio": 0.0008685380397195562,
    "ema_50_ratio": 0.002137972419145658,
    "ema_cross": 0.023771802135126186,
    "rsi_14": 50.32146314838185,
    "rsi_7": 50.345638234397896,
    "macd": 0.008344683568192991,
    "macd_sig": 0.008345818862838998,
    "macd_hist": -1.1352946460069694e-06,
    "stoch_k": 51.05425811497837,
    "stoch_d": 51.05422643933218,
    "atr_14": 0.9784690371838054,
    "atr_pct": 0.07106809126915686,
    "bb_width": 0.31751409327898106,
    "bb_pct": 0.5049413004396562,
    "volume_ratio": 0.0,
    "dist_to_high": 2.3120111662601226,
    "dist_to_low": 2.455942700346379,
    "hh": 0.45857088061447415,
    "ll": 0.4538941871296823,
    "displacement": 0.038582125644147224
  },
  "stds": {
    "open": 231.35571995105025,
    "high": 231.48538284605445,
    "low": 231.22340029887536,
    "close": 231.35577745733033,
    "volume": 1.0,
    "candle_body": 0.6873802863706506,
    "candle_range": 0.9657560439857228,
    "body_pct": 0.27497183382983104,
    "upper_wick": 0.3241490229193165,
    "lower_wick": 0.3558211853206156,
    "is_bullish": 0.4999523301610489,
    "ema_9_ratio": 0.07919166020966073,
    "ema_21_ratio": 0.12901143398113038,
    "ema_50_ratio": 0.20419937219478457,
    "ema_cross": 0.999718006220897,
    "rsi_14": 11.272005995676754,
    "rsi_7": 15.834607115964483,
    "macd": 0.9486281531571696,
    "macd_sig": 0.8947200483667795,
    "macd_hist": 0.28195113772407915,
    "stoch_k": 28.40763107315287,
    "stoch_d": 26.19273346717037,
    "atr_14": 0.6843428080947657,
    "atr_pct": 0.0442329689811174,
    "bb_width": 0.2930940246413839,
    "bb_pct": 0.32984939423692505,
    "volume_ratio": 1.0,
    "dist_to_high": 1.724157121237728,
    "dist_to_low": 1.7852989710194982,
    "hh": 0.4982809687570096,
    "ll": 0.4978700124434087,
    "displacement": 0.19259696106431606
  }
}