{
  "means": {
    "return_1": 2.1000340642906027e-07,
    "return_3": 6.273963456708845e-07,
    "return_6": 1.2513453383040115e-06,
    "return_12": 2.4958803578944836e-06,
    "rsi_14": 50.18577239848553,
    "rsi_7": 50.17926255332632,
    "macd_hist": -9.936948859373488e-08,
    "macd": 0.0016362513534588909,
    "macd_sig": 0.0016363507229474837,
    "stoch_k": 50.45419112638666,
    "stoch_d": 50.45413168885724,
    "ema_9_ratio": 5.406783287526147e-07,
    "ema_21_ratio": 1.3595247820663053e-06,
    "ema_50_ratio": 3.344713579594112e-06,
    "ema_cross": 8.188464533136907e-07,
    "atr_pct": 0.00028604566161724056,
    "bb_width": 0.0014152831473009306,
    "bb_pct": 0.502120362061888,
    "body_pct": 0.5353902995815045,
    "upper_wick": 0.2276585453856165,
    "lower_wick": 0.22639515144663105,
    "is_bullish": 0.47438135207995974,
    "displacement": 0.0005649343199487243,
    "dist_to_high": -0.0007384855618897179,
    "dist_to_low": 0.0007580804519324308,
    "hh": 0.43691260192434783,
    "ll": 0.43419659534086547,
    "volume_ratio": 0.0,
    "session_asian": 0.34687250205763465,
    "session_london": 0.38708523930806565,
    "session_ny": 0.34956930167994515,
    "session_overlap": 0.17020924442897348,
    "hour_sin": 0.03774903533057361,
    "hour_cos": 0.01250582695549187,
    "dow_sin": 0.10482417170841377,
    "dow_cos": -0.00423495433160821
  },
  "stds": {
    "return_1": 0.00027714617962960533,
    "return_3": 0.0004735101611540143,
    "return_6": 0.0006643029878156594,
    "return_12": 0.0009311980346917322,
    "rsi_14": 11.641762054755471,
    "rsi_7": 16.53822210974237,
    "macd_hist": 0.12851143526112466,
    "macd": 0.4263739064430639,
    "macd_sig": 0.4014356919390412,
    "stoch_k": 30.43995742274253,
    "stoch_d": 28.17017526758173,
    "ema_9_ratio": 0.0003609029991671225,
    "ema_21_ratio": 0.0005845015620679194,
    "ema_50_ratio": 0.0009201954405614855,
    "ema_cross": 0.0002918782541457173,
    "atr_pct": 0.0002058163364163865,
    "bb_width": 0.0013683597002913574,
    "bb_pct": 0.3302295226062179,
    "body_pct": 0.30797965083225504,
    "upper_wick": 0.24426592508057327,
    "lower_wick": 0.2437120775190744,
    "is_bullish": 0.49934331276575594,
    "displacement": 0.7528298646048348,
    "dist_to_high": 0.0008929204212148129,
    "dist_to_low": 0.0008918541772892582,
    "hh": 0.49600407109322014,
    "ll": 0.49565105688302635,
    "volume_ratio": 1.0,
    "session_asian": 0.47597481350865817,
    "session_london": 0.48708347649595385,
    "session_ny": 0.47683399513640895,
    "session_overlap": 0.37581656566826266,
    "hour_sin": 0.69523089471661,
    "hour_cos": 0.7176857629933612,
    "dow_sin": 0.6990269168687492,
    "dow_cos": 0.7073581569429115
  }
}