{
  "means": {
    "return_1": 0.00010627756316518884,
    "return_3": 0.0003169381605438383,
    "return_6": 0.0006318049838071962,
    "return_12": 0.0012609740408348691,
    "rsi_14": 50.32146314838185,
    "rsi_7": 50.345638234397896,
    "macd_hist": -1.1352946460069694e-06,
    "macd": 0.008344683568192991,
    "macd_sig": 0.008345818862838998,
    "stoch_k": 51.05425811497837,
    "stoch_d": 51.05422643933218,
    "ema_9_ratio": 0.0003429326988066088,
    "ema_21_ratio": 0.0008685380397195562,
    "ema_50_ratio": 0.002137972419145658,
    "ema_cross": 0.023771802135126186,
    "atr_pct": 0.07106809126915686,
    "bb_width": 0.31751409327898106,
    "bb_pct": 0.5049413004396562,
    "body_pct": 0.48534011662110677,
    "upper_wick": 0.2300384904024146,
    "lower_wick": 0.23687605094570235,
    "is_bullish": 0.49307430058059615,
    "candle_body": 0.5056171472407984,
    "candle_range": 0.9725316885889156,
    "dist_to_high": 2.3120111662601226,
    "dist_to_low": 2.455942700346379,
    "hh": 0.45857088061447415,
    "ll": 0.4538941871296823,
    "displacement": 0.038582125644147224,
    "volume_ratio": 0.0
  },
  "stds": {
    "return_1": 0.060904506884533006,
    "return_3": 0.10369487708921443,
    "return_6": 0.14534311441029663,
    "return_12": 0.2046043905470155,
    "rsi_14": 11.272005995676754,
    "rsi_7": 15.834607115964483,
    "macd_hist": 0.28195113772407915,
    "macd": 0.9486281531571696,
    "macd_sig": 0.8947200483667795,
    "stoch_k": 28.40763107315287,
    "stoch_d": 26.19273346717037,
    "ema_9_ratio": 0.07919166020966073,
    "ema_21_ratio": 0.12901143398113038,
    "ema_50_ratio": 0.20419937219478457,
    "ema_cross": 0.999718006220897,
    "atr_pct": 0.0442329689811174,
    "bb_width": 0.2930940246413839,
    "bb_pct": 0.32984939423692505,
    "body_pct": 0.27497183382983104,
    "upper_wick": 0.3241490229193165,
    "lower_wick": 0.3558211853206156,
    "is_bullish": 0.4999523301610489,
    "candle_body": 0.6873802863706506,
    "candle_range": 0.9657560439857228,
    "dist_to_high": 1.724157121237728,
    "dist_to_low": 1.7852989710194982,
    "hh": 0.4982809687570096,
    "ll": 0.4978700124434087,
    "displacement": 0.19259696106431606,
    "volume_ratio": 1.0
  }
}